id;name;type;status
1;Cambridgeshire lime implement;Fantastic transmitting system;Disabled
2;FTP Republic monetize;Unit Cotton;Pending
3;Washington Reduced;Court Legacy Grocery;Disabled
4;Small system;Bedfordshire cross-platform;Pending
5;compress purple Customer;recontextualize Georgia Account;Enabled
6;Bedfordshire quantifying;Ireland;Enabled
7;asynchronous Cambridgeshire;and back-end;Disabled
8;Yen schemas;Paradigm quantify synergies;Enabled
9;Locks Berkshire Plain;Producer Music monitoring;Enabled
10;Shoes;generating orchid Chilean;Pending
